{
  "branch1_3class_branch1_accuracy": [
    0.6735854148864746,
    0.7691214084625244,
    0.8251350522041321,
    0.8521467447280884,
    0.8586863875389099,
    0.8800113797187805,
    0.8785896897315979,
    0.886551022529602,
    0.8993460536003113,
    0.9112880229949951,
    0.9115723371505737,
    0.9186806678771973,
    0.924367368221283,
    0.9340347051620483,
    0.9382997155189514,
    0.9365937113761902,
    0.949104368686676,
    0.944839358329773,
    0.9522320032119751,
    0.949104368686676,
    0.9573500156402588,
    0.9624680280685425,
    0.9681546688079834,
    0.9658800363540649,
    0.9593403339385986,
    0.9709979891777039,
    0.9738413691520691,
    0.9741256833076477,
    0.9752629995346069,
    0.9798123240470886,
    0.9803810119628906,
    0.9798123240470886,
    0.9849303364753723,
    0.9860676527023315,
    0.9877736568450928,
    0.9761160016059875,
    0.9744099974632263,
    0.9843616485595703,
    0.9909013509750366,
    0.9883423447608948,
    0.9843616485595703,
    0.9857833385467529,
    0.9891953468322754,
    0.9886266589164734,
    0.9809496998786926,
    0.9860676527023315,
    0.9928916692733765,
    0.9928916692733765,
    0.9891953468322754,
    0.9897639751434326
  ],
  "branch1_3class_loss": [
    0.8206707239151001,
    0.5859810709953308,
    0.44690296053886414,
    0.38522863388061523,
    0.3557415306568146,
    0.3078121244907379,
    0.3053217828273773,
    0.28569409251213074,
    0.25788581371307373,
    0.2298433780670166,
    0.22373683750629425,
    0.2066294401884079,
    0.19190219044685364,
    0.1745973527431488,
    0.16948163509368896,
    0.15379737317562103,
    0.13350142538547516,
    0.13738712668418884,
    0.1259627789258957,
    0.1273413449525833,
    0.10993659496307373,
    0.09905572980642319,
    0.07957751303911209,
    0.0968979075551033,
    0.09916564077138901,
    0.08021032065153122,
    0.0728529766201973,
    0.06427675485610962,
    0.06629009544849396,
    0.056824419647455215,
    0.052639514207839966,
    0.05451478064060211,
    0.040856536477804184,
    0.03723927587270737,
    0.03552857041358948,
    0.06968241930007935,
    0.0639079287648201,
    0.04261128604412079,
    0.025559350848197937,
    0.03397051990032196,
    0.04393560811877251,
    0.037145260721445084,
    0.035183317959308624,
    0.03148987144231796,
    0.05489211902022362,
    0.04026844725012779,
    0.022521963343024254,
    0.018361102789640427,
    0.032355841249227524,
    0.030475899577140808
  ],
  "branch2_4class_branch2_accuracy": [
    0.6559568047523499,
    0.7745237350463867,
    0.8291157484054565,
    0.8512937426567078,
    0.8683537244796753,
    0.882286012172699,
    0.882286012172699,
    0.8911003470420837,
    0.89764004945755,
    0.9087290167808533,
    0.9135627150535583,
    0.9209553599357605,
    0.924367368221283,
    0.9357407093048096,
    0.934319019317627,
    0.9371623396873474,
    0.9525163769721985,
    0.945408046245575,
    0.9516633749008179,
    0.955359697341919,
    0.959624707698822,
    0.9655956625938416,
    0.9721353650093079,
    0.9644583463668823,
    0.9601933360099792,
    0.9738413691520691,
    0.9729883670806885,
    0.9769690036773682,
    0.9769690036773682,
    0.9803810119628906,
    0.9843616485595703,
    0.9769690036773682,
    0.9852146506309509,
    0.9877736568450928,
    0.9869206547737122,
    0.9792436957359314,
    0.9752629995346069,
    0.9820870161056519,
    0.9909013509750366,
    0.9889110326766968,
    0.9852146506309509,
    0.9837930202484131,
    0.9911856651306152,
    0.9886266589164734,
    0.9803810119628906,
    0.9849303364753723,
    0.9906169772148132,
    0.9943133592605591,
    0.9869206547737122,
    0.990048348903656
  ],
  "branch2_4class_loss": [
    0.9707017540931702,
    0.6304128766059875,
    0.46427538990974426,
    0.3973694145679474,
    0.3585788607597351,
    0.3112308084964752,
    0.3079102039337158,
    0.28769975900650024,
    0.2559055685997009,
    0.2329033613204956,
    0.2219391167163849,
    0.20912215113639832,
    0.19994108378887177,
    0.17380310595035553,
    0.17079797387123108,
    0.15937140583992004,
    0.13244524598121643,
    0.13282988965511322,
    0.12755641341209412,
    0.12406618148088455,
    0.10767664760351181,
    0.09705899655818939,
    0.08164861798286438,
    0.09539876133203506,
    0.09877614676952362,
    0.08201169967651367,
    0.07190689444541931,
    0.06185726821422577,
    0.06724987179040909,
    0.056458890438079834,
    0.04978619143366814,
    0.051065899431705475,
    0.038626767694950104,
    0.03537589684128761,
    0.03384982794523239,
    0.06763041019439697,
    0.065038301050663,
    0.04521510377526283,
    0.02524387836456299,
    0.034341298043727875,
    0.04293529689311981,
    0.0372249037027359,
    0.03522074967622757,
    0.027748119086027145,
    0.05546693876385689,
    0.04083508625626564,
    0.02280794270336628,
    0.01778377778828144,
    0.03368455916643143,
    0.03086954541504383
  ],
  "fusion_output_fusion_accuracy": [
    0.6542508006095886,
    0.7674154043197632,
    0.8276940584182739,
    0.8515780568122864,
    0.8558430671691895,
    0.8859823942184448,
    0.8785896897315979,
    0.886551022529602,
    0.8990616798400879,
    0.9135627150535583,
    0.9092977046966553,
    0.9161217212677002,
    0.9232300519943237,
    0.9351720213890076,
    0.9354563355445862,
    0.9351720213890076,
    0.9465453624725342,
    0.9473983645439148,
    0.9499573707580566,
    0.9493886828422546,
    0.9610463380813599,
    0.9593403339385986,
    0.969007670879364,
    0.9661643505096436,
    0.9604776501655579,
    0.968438982963562,
    0.9741256833076477,
    0.9761160016059875,
    0.9752629995346069,
    0.97952800989151,
    0.9815183281898499,
    0.9755473136901855,
    0.9846460223197937,
    0.9854990243911743,
    0.9869206547737122,
    0.9761160016059875,
    0.9772533178329468,
    0.9843616485595703,
    0.9903326630592346,
    0.9897639751434326,
    0.9829400181770325,
    0.9837930202484131,
    0.9889110326766968,
    0.9880580306053162,
    0.980096697807312,
    0.9846460223197937,
    0.9917543530464172,
    0.9931759834289551,
    0.9869206547737122,
    0.9897639751434326
  ],
  "fusion_output_loss": [
    0.9683350324630737,
    0.6209909319877625,
    0.4707080125808716,
    0.3997816741466522,
    0.3677539527416229,
    0.31197378039360046,
    0.3127838373184204,
    0.2964951694011688,
    0.2576027512550354,
    0.23670171201229095,
    0.23040977120399475,
    0.210099458694458,
    0.19859187304973602,
    0.17797914147377014,
    0.17703184485435486,
    0.16205336153507233,
    0.13889780640602112,
    0.13883769512176514,
    0.13101600110530853,
    0.13241517543792725,
    0.11127682030200958,
    0.10448376089334488,
    0.08238422870635986,
    0.09845652431249619,
    0.103107750415802,
    0.08433813601732254,
    0.07512708753347397,
    0.06544393301010132,
    0.06834959238767624,
    0.06001497060060501,
    0.053201936185359955,
    0.05844391882419586,
    0.041596341878175735,
    0.03920215740799904,
    0.036218248307704926,
    0.07403289526700974,
    0.06519367545843124,
    0.043315988034009933,
    0.026198070496320724,
    0.03253776207566261,
    0.049298956990242004,
    0.041075874119997025,
    0.03699300065636635,
    0.031011635437607765,
    0.0603361651301384,
    0.04251515492796898,
    0.02401358261704445,
    0.017756899818778038,
    0.03624490275979042,
    0.0313236378133297
  ],