{
  "accuracy": 0.9044465468306528,
  "macro_f1": 0.9007640154996578,
  "weighted_f1": 0.9038948799546035,
  "report": {
    "glioma": {
      "precision": 0.9490740740740741,
      "recall": 0.8401639344262295,
      "f1-score": 0.8913043478260869,
      "support": 244.0
    },
    "meninglioma": {
      "precision": 0.8127490039840638,
      "recall": 0.8225806451612904,
      "f1-score": 0.8176352705410822,
      "support": 248.0
    },
    "no_tumor": {
      "precision": 0.932475884244373,
      "recall": 0.9666666666666667,
      "f1-score": 0.9492635024549918,
      "support": 300.0
    },
    "pituitary": {
      "precision": 0.921146953405018,
      "recall": 0.969811320754717,
      "f1-score": 0.9448529411764706,
      "support": 265.0
    },
    "accuracy": 0.9044465468306528,
    "macro avg": {
      "precision": 0.9038614789268822,
      "recall": 0.8998056417522259,
      "f1-score": 0.9007640154996578,
      "support": 1057.0
    },
    "weighted avg": {
      "precision": 0.9053760974340241,
      "recall": 0.9044465468306528,
      "f1-score": 0.9038948799546035,
      "support": 1057.0
    }
  },
  "confusion_matrix": [
    [
      205,
      35,
      2,
      2
    ],
    [
      7,
      204,
      19,
      18
    ],
    [
      1,
      7,
      290,
      2
    ],
    [
      3,
      5,
      0,
      257
    ]
  ]
}