{
  "train_loss": [
    0.8723991067369731,
    0.6599213646639155,
    0.5797697064907608,
    0.5233524980392696,
    0.4905237576609275,
    0.4681803241438821,
    0.4385232564803299,
    0.41189373497755294,
    0.41320270170125234,
    0.3867809210953598,
    0.33268117236324474,
    0.32392187024162317,
    0.3176970826109396,
    0.3199958772461833,
    0.31115582620510496,
    0.2936503110884844,
    0.2921178118698375,
    0.2957662494627984,
    0.2944273696859823,
    0.2889954041042219,
    0.2798199400360331,
    0.27132441225966936,
    0.27980416541328557,
    0.2737046931034479,
    0.2752628934592021,
    0.27410947748277553,
    0.27917053991087964,
    0.27046128340887254,
    0.27297730538289044,
    0.27987219870551405,
    0.2690389650378423,
    0.2677592738983735,
    0.26717734028155793,
    0.2682303656673451
  ],
  "val_loss": [
    0.6566704296340508,
    0.7303280803187265,
    0.8208701287895555,
    1.1391283060661286,
    0.7663830643229385,
    0.5653461972570238,
    0.5592556767477282,
    0.9015790864881907,
    1.7715516442737538,
    0.5621726439253005,
    0.28542457787256276,
    0.2900180782655346,
    0.29153007025274486,
    0.276346363325536,
    0.28009967199976454,
    0.2827559236451247,
    0.26110098950083266,
    0.25626977966538855,
    0.255567711540728,
    0.27032962580257497,
    0.25093901862776324,
    0.2399995037754679,
    0.2465895945241696,
    0.24023555550625117,
    0.2415697368095583,
    0.23868961969369265,
    0.24942422916000787,
    0.24374418623547137,
    0.24388390008940897,
    0.23944280531696494,
    0.23713495689993122,
    0.24538923273068416,
    0.23678611828007173,
    0.24269959970798782
  ],
  "train_acc": [
    0.6691086691086691,
    0.7437932437932437,
    0.7857142857142857,
    0.7975172975172975,
    0.8211233211233211,
    0.8276353276353277,
    0.8359788359788359,
    0.8526658526658527,
    0.8477818477818477,
    0.8628408628408628,
    0.8848188848188848,
    0.8868538868538869,
    0.8897028897028897,
    0.8874643874643875,
    0.8923483923483924,
    0.9037444037444038,
    0.9027269027269027,
    0.8964183964183964,
    0.8925518925518926,
    0.8964183964183964,
    0.9027269027269027,
    0.9082214082214082,
    0.9035409035409036,
    0.9025234025234026,
    0.904965404965405,
    0.907000407000407,
    0.9027269027269027,
    0.91005291005291,
    0.9063899063899064,
    0.9017094017094017,
    0.908017908017908,
    0.9104599104599105,
    0.9108669108669109,
    0.9084249084249084
  ],
  "val_acc": [
    0.7813688212927756,
    0.7091254752851711,
    0.6549429657794676,
    0.5494296577946768,
    0.6929657794676806,
    0.7633079847908745,
    0.7709125475285171,
    0.6730038022813688,
    0.40874524714828897,
    0.7994296577946768,
    0.8973384030418251,
    0.8954372623574145,
    0.8982889733840305,
    0.9001901140684411,
    0.8916349809885932,
    0.9001901140684411,
    0.905893536121673,
    0.9039923954372624,
    0.905893536121673,
    0.8992395437262357,
    0.908745247148289,
    0.9192015209125475,
    0.9163498098859315,
    0.9211026615969582,
    0.9153992395437263,
    0.9163498098859315,
    0.9115969581749049,
    0.9144486692015209,
    0.9134980988593155,
    0.9134980988593155,
    0.9163498098859315,
    0.9134980988593155,
    0.9153992395437263,
    0.9125475285171103
  ]
}