{
  "branch1_3class__masked_sparse_accuracy": [
    0.6457875967025757,
    0.7450291514396667,
    0.8024645447731018,
    0.8299509882926941,
    0.8439149856567383,
    0.8542655110359192,
    0.8698796033859253,
    0.8742621541023254,
    0.8860307335853577,
    0.9009726643562317,
    0.9035310745239258,
    0.911062479019165,
    0.9235402941703796,
    0.9264037609100342,
    0.9318724870681763,
    0.9478930234909058,
    0.9548302888870239,
    0.9489841461181641,
    0.9710999727249146,
    0.9775564074516296,
    0.9796830415725708,
    0.9899429678916931,
    0.9872481226921082,
    0.9785401821136475,
    0.9821603894233704,
    0.9838461875915527,
    0.9936448335647583,
    0.9966953992843628,
    0.9974031448364258,
    0.9971287846565247,
    0.9969678521156311,
    0.9957903623580933,
    0.9978001713752747,
    0.9988014101982117,
    1.0,
    1.0,
    0.9997048377990723,
    0.9987856149673462
  ],
  "branch1_3class_loss": [
    0.8681130409240723,
    0.6081463694572449,
    0.5027329325675964,
    0.4295479953289032,
    0.40432053804397583,
    0.3717031478881836,
    0.3335038423538208,
    0.3170393407344818,
    0.29129868745803833,
    0.26658403873443604,
    0.25476619601249695,
    0.22521363198757172,
    0.19228024780750275,
    0.19510869681835175,
    0.17077450454235077,
    0.1403495818376541,
    0.13268661499023438,
    0.13769318163394928,
    0.09225495159626007,
    0.06506742537021637,
    0.05457042157649994,
    0.0358223095536232,
    0.0363030843436718,
    0.059198182076215744,
    0.04790014773607254,
    0.0477704182267189,
    0.019607719033956528,
    0.011373752728104591,
    0.011862792074680328,
    0.009965486824512482,
    0.00986410677433014,
    0.016565117985010147,
    0.00699537992477417,
    0.004220863804221153,
    0.0025770075153559446,
    0.0027210291009396315,
    0.002305699046701193,
    0.0033453626092523336
  ],
  "branch2_4class_branch2_accuracy": [
    0.6544641256332397,
    0.7547284960746765,
    0.8059792518615723,
    0.8397396802902222,
    0.8562131524085999,
    0.863534688949585,
    0.8749237060546875,
    0.8791946172714233,
    0.8916005492210388,
    0.9052267670631409,
    0.9058368802070618,
    0.9141753315925598,
    0.9278014898300171,
    0.9249542355537415,
    0.9349196553230286,
    0.9477323293685913,
    0.9465121030807495,
    0.94203782081604,
    0.9650193452835083,
    0.9717307090759277,
    0.9790522456169128,
    0.9823063015937805,
    0.983119785785675,
    0.9764083623886108,
    0.9800691604614258,
    0.9796624183654785,
    0.991051435470581,
    0.9955257177352905,
    0.9955257177352905,
    0.9961358308792114,
    0.9957290887832642,
    0.9926784634590149,
    0.9975594878196716,
    0.9989831447601318,
    0.9989831447601318,
    0.9983729720115662,
    0.9993898868560791,
    0.9991865158081055
  ],
  "branch2_4class_loss": [
    0.9444399476051331,
    0.6230930685997009,
    0.513669490814209,
    0.43202725052833557,
    0.3920922577381134,
    0.3650026321411133,
    0.33855491876602173,
    0.3187394440174103,
    0.2882551848888397,
    0.26143956184387207,
    0.2535710632801056,
    0.23439474403858185,
    0.20635096728801727,
    0.20538142323493958,
    0.175558939576149,
    0.14145737886428833,
    0.1502222865819931,
    0.1515391618013382,
    0.1054907962679863,
    0.07931320369243622,
    0.06241957098245621,
    0.052338384091854095,
    0.04870564118027687,
    0.071080781519413,
    0.05597865581512451,
    0.056978169828653336,
    0.026482531800866127,
    0.01788181997835636,
    0.017632510513067245,
    0.013048681430518627,
    0.015257841907441616,
    0.022423263639211655,
    0.011180246248841286,
    0.00680861622095108,
    0.005921124946326017,
    0.005977614317089319,
    0.003988077398389578,
    0.004540364723652601
  ],
  "fusion_output_fusion_accuracy": [
    0.6406345367431641,
    0.7604230046272278,
    0.8008948564529419,
    0.8314012885093689,
    0.8470612168312073,
    0.8570266366004944,
    0.8749237060546875,
    0.8743135929107666,
    0.8911938071250916,
    0.9007524847984314,
    0.9017693996429443,
    0.9090909361839294,
    0.923123836517334,
    0.9227170944213867,
    0.9339028000831604,
    0.9489526152610779,
    0.944681704044342,
    0.9426479339599609,
    0.9637990593910217,
    0.9715273380279541,
    0.9776286482810974,
    0.9818995594978333,
    0.9816961288452148,
    0.972544252872467,
    0.9792556166648865,
    0.9780353903770447,
    0.9912548065185547,
    0.9957290887832642,
    0.9949156045913696,
    0.9965426325798035,
    0.9955257177352905,
    0.9936953186988831,
    0.9971527457237244,
    0.9985763430595398,
    0.9991865158081055,
    0.9987797141075134,
    0.9997966289520264,
    0.9993898868560791
  ],
  "fusion_output_loss": [
    0.9547187685966492,
    0.6246551275253296,
    0.5161864757537842,
    0.43786823749542236,
    0.40161287784576416,
    0.3785928189754486,
    0.340179979801178,
    0.32270196080207825,
    0.2971010208129883,
    0.2663062810897827,
    0.25747305154800415,
    0.2408284991979599,
    0.21109849214553833,
    0.20770376920700073,
    0.18268577754497528,
    0.14502152800559998,
    0.1496044099330902,
    0.1572096347808838,
    0.10817871987819672,
    0.07989180088043213,
    0.06797231733798981,
    0.05309899523854256,
    0.051012251526117325,
    0.07545064389705658,
    0.05721891671419144,
    0.060807108879089355,
    0.02667579986155033,
    0.016453461721539497,
    0.017890499904751778,
    0.013067806139588356,
    0.01610022410750389,
    0.021847356110811234,
    0.011442846618592739,
    0.006620661821216345,
    0.005280079320073128,
    0.004957123193889856,
    0.002951724221929908,
    0.003563688136637211
  ],
  "loss": [
    0.9245885014533997,
    0.6188181042671204,
    0.5107805728912354,
    0.43234866857528687,
    0.39785218238830566,
    0.3702782690525055,
    0.3372185230255127,
    0.31879958510398865,
    0.29115208983421326,
    0.26376062631607056,
    0.2546646296977997,
    0.2332162857055664,
    0.20292215049266815,
    0.202617347240448,
    0.17556405067443848,
    0.14164771139621735,
    0.1441013067960739,
    0.1483907699584961,
    0.1019655168056488,
    0.07527770102024078,
    0.06175793334841728,
    0.04768555983901024,
    0.045671142637729645,
    0.06890246272087097,
    0.053876906633377075,
    0.055411383509635925,
    0.024460960179567337,
    0.015459741465747356,
    0.015980189666152,
    0.012147102504968643,
    0.013911854475736618,
    0.020527860149741173,
    0.009972309693694115,
    0.005973311606794596,
    0.004718604031950235,
    0.004697921685874462,
    0.0031677414663136005,
    0.0038873529992997646
  ],
  "val_branch1_3class__masked_sparse_accuracy": [
    0.25757575035095215,
    0.3111792206764221,
    0.2542613744735718,
    0.38700708746910095,
    0.45322322845458984,
    0.42192184925079346,
    0.38591268658638,
    0.33820000290870667,
    0.32818442583084106,
    0.46441277861595154,
    0.2762908637523651,
    0.6029582023620605,
    0.6605218052864075,
    0.6279832124710083,
    0.3777438700199127,
    0.5374801158905029,
    0.5965920686721802,
    0.4665190279483795,
    0.6641758680343628,
    0.6281149983406067,
    0.6791018843650818,
    0.6550810933113098,
    0.6490243077278137,
    0.5168460607528687,
    0.6315789818763733,
    0.6419956088066101,
    0.6897439956665039,
    0.6875261068344116,
    0.6862801313400269,
    0.6676397323608398,
    0.6792181134223938,
    0.6836670637130737,
    0.6719996333122253,
    0.6879996061325073,
    0.6869031190872192,
    0.6849331855773926,
    0.684685230255127,
    0.6826417446136475
  ],